method	mbp_estimate	percent_estimated
ground_truth	332.302899	0.9999999969906973
no_spiking	294.8560645171303	0.8873111384737546
homo_spiked	294.8560645171303	0.8873111384737546
arabidopsis_spiked	299.8231721974209	0.9022586688151709
plasmodium_spiked	300.9761034188648	0.9057281878035515
