Genome	Simulated_Zymo_Bt2 Relative Abundance (%)	Simulated_Zymo_Spiked_Bt2 Relative Abundance (%)
unmapped	0.0047266483	75.26327
Bacillus	9.900394	2.4491482
Cryptococcus	0.9882547	0.24447331
Enterococcus	14.840968	3.6713414
Escherichia	8.910881	2.2043636
Lactobacillus	20.79167	5.143419
Listeria	13.8701	3.431169
Pseudomonas	5.9401693	1.4694722
Saccharomyces	0.9899576	0.24491043
Salmonella	8.910345	2.2042308
Staphylococcus	14.852535	3.6742032
