estimated_bp	estimated_mbp	estimated_gbp
298519421.7341962	298.51942173419616	0.29851942173419616
